id,date,home_team,visit_team,home_team_score,visit_team_score,away_losses,away_wins,home_losses,home_wins
400489187,2013-12-10,BKN,BOS,104,96,13,10,14,7
400489531,2014-01-26,BOS,BKN,79,85,22,20,31,15
400489793,2014-03-07,BOS,BKN,91,84,30,30,41,21
400489899,2014-03-21,BKN,BOS,114,98,47,23,31,36
400489150,2013-12-05,BKN,NY,83,113,13,4,14,5
400489172,2013-12-08,NY,BOS,73,114,12,10,14,5
400489206,2013-12-13,BOS,NY,90,86,16,6,14,11
400489483,2014-01-20,NY,BKN,80,103,22,17,26,15
400489543,2014-01-28,NY,BOS,114,88,32,15,27,18
400489835,2014-03-12,BOS,NY,92,116,40,26,43,22
400489988,2014-04-02,NY,BKN,110,81,34,40,43,33
400490087,2014-04-15,BKN,NY,98,109,45,36,37,44
400489232,2013-12-16,BKN,PHI,130,94,19,7,15,9
400489256,2013-12-20,PHI,BKN,121,120,17,9,19,8
400489419,2014-01-11,PHI,NY,92,102,22,14,25,12
400489499,2014-01-22,NY,PHI,106,110,28,14,27,15
400489551,2014-01-29,BOS,PHI,94,95,31,15,33,15
400489585,2014-02-03,BKN,PHI,108,102,34,15,25,21
400489599,2014-02-05,PHI,BOS,108,114,33,17,35,15
400489819,2014-03-10,NY,PHI,123,110,48,15,40,25
400489896,2014-03-21,PHI,NY,92,93,40,29,54,15
400490006,2014-04-04,BOS,PHI,102,111,59,17,53,23
400490020,2014-04-05,PHI,BKN,101,105,34,42,60,17
400490077,2014-04-14,PHI,BOS,113,108,56,25,63,18
400488879,2013-10-30,TOR,BOS,93,87,1,0,0,1
400489038,2013-11-20,PHI,TOR,98,108,7,5,8,5
400489084,2013-11-26,TOR,BKN,100,102,10,4,8,6
400489204,2013-12-13,TOR,PHI,108,100,17,7,13,8
400489303,2013-12-27,NY,TOR,83,95,15,12,20,9
400489311,2013-12-28,TOR,NY,115,100,21,9,15,13
400489416,2014-01-11,TOR,BKN,96,80,22,15,17,18
400489442,2014-01-15,BOS,TOR,88,83,18,19,26,14
400489507,2014-01-24,PHI,TOR,95,104,20,22,29,14
400489536,2014-01-27,BKN,TOR,103,104,21,23,23,20
400489817,2014-03-10,BKN,TOR,101,97,27,35,30,32
400489936,2014-03-26,BOS,TOR,90,99,31,40,48,23
400489949,2014-03-28,TOR,BOS,105,103,49,23,31,41
400490037,2014-04-09,TOR,PHI,125,114,61,17,32,46
400490050,2014-04-11,TOR,NY,100,108,45,34,33,46
400490099,2014-04-16,NY,TOR,95,92,34,48,45,37
400488921,2013-11-04,PHI,GS,90,110,1,3,1,3
400489141,2013-12-03,GS,TOR,112,103,11,6,8,11
400489396,2014-01-08,BKN,GS,102,98,14,24,21,14
400489414,2014-01-10,GS,BOS,99,97,24,13,14,25
400489642,2014-02-10,GS,PHI,123,80,38,15,21,31
400489705,2014-02-22,GS,BKN,93,86,28,25,22,34
400489742,2014-02-28,NY,GS,103,126,23,36,38,21
400489757,2014-03-02,TOR,GS,104,98,24,36,26,33
400489780,2014-03-05,BOS,GS,88,108,24,38,41,20
400489971,2014-03-30,GS,NY,84,89,43,31,28,45
400488892,2013-10-31,LAC,GS,126,115,1,1,1,1
400489019,2013-11-16,LAC,BKN,110,103,6,3,3,7
400489100,2013-11-27,LAC,NY,93,80,11,3,5,11
400489178,2013-12-09,PHI,LAC,83,94,8,14,15,7
400489192,2013-12-11,BOS,LAC,88,96,8,15,14,10
400489200,2013-12-12,BKN,LAC,102,93,9,15,14,8
400489295,2013-12-25,GS,LAC,105,103,10,20,13,17
400489401,2014-01-08,LAC,BOS,111,105,23,13,13,25
400489454,2014-01-17,NY,LAC,95,109,13,28,25,15
400489520,2014-01-25,TOR,LAC,118,126,15,31,21,22
400489561,2014-01-30,GS,LAC,111,92,16,33,19,28
400489621,2014-02-07,LAC,TOR,118,105,24,26,18,35
400489636,2014-02-09,LAC,PHI,123,78,37,15,18,36
400489840,2014-03-12,LAC,GS,111,98,25,41,20,46
400488876,2013-10-29,LAL,LAC,116,103,1,0,0,1
400488890,2013-10-30,GS,LAL,125,94,1,1,0,1
400489059,2013-11-22,LAL,GS,102,95,5,8,7,6
400489091,2013-11-27,BKN,LAL,94,99,8,8,11,4
400489176,2013-12-08,LAL,TOR,94,106,12,7,10,10
400489275,2013-12-21,GS,LAL,102,83,14,13,13,15
400489325,2013-12-29,LAL,PHI,104,111,21,9,18,13
400489415,2014-01-10,LAC,LAL,123,87,23,14,13,26
400489459,2014-01-17,BOS,LAL,104,107,25,15,27,14
400489474,2014-01-19,TOR,LAL,106,112,25,16,19,20
400489528,2014-01-26,NY,LAL,110,103,29,16,27,17
400489614,2014-02-07,PHI,LAL,98,112,32,18,36,15
400489697,2014-02-21,LAL,BOS,101,92,37,19,36,19
400489712,2014-02-23,LAL,BKN,102,108,28,26,37,19
400489789,2014-03-06,LAL,LAC,94,142,20,43,41,21
400489933,2014-03-25,LAL,NY,127,96,42,29,46,24
400490023,2014-04-06,LAC,LAL,120,97,52,25,23,55
400490061,2014-04-11,LAL,GS,95,112,30,49,54,25
400489005,2013-11-15,PHX,BKN,98,100,5,3,4,5
400489160,2013-12-06,PHX,TOR,106,97,12,6,9,11
400489190,2013-12-10,LAL,PHX,108,114,9,12,11,10
400489228,2013-12-15,PHX,GS,106,102,12,13,9,14
400489289,2013-12-23,PHX,LAL,117,90,15,13,10,17
400489308,2013-12-27,GS,PHX,115,86,11,17,13,18
400489318,2013-12-28,PHX,PHI,115,101,21,8,11,18
400489332,2013-12-30,LAC,PHX,88,107,11,19,12,21
400489430,2014-01-13,NY,PHX,98,96,16,21,22,15
400489447,2014-01-15,PHX,LAL,121,114,25,14,16,22
400489535,2014-01-27,PHI,PHX,113,124,18,26,31,14
400489627,2014-02-08,PHX,GS,122,109,21,30,20,30
400489680,2014-02-19,PHX,BOS,100,94,36,19,21,32
400489775,2014-03-04,PHX,LAC,96,104,20,42,25,35
400489815,2014-03-09,GS,PHX,113,107,26,36,24,40
400489822,2014-03-10,LAC,PHX,112,105,27,36,20,45
400489848,2014-03-14,BOS,PHX,80,87,28,37,44,22
400489861,2014-03-16,TOR,PHX,113,121,28,38,28,37
400489871,2014-03-17,BKN,PHX,108,95,29,38,31,34
400489958,2014-03-28,PHX,NY,112,88,43,30,29,44
400489973,2014-03-30,LAL,PHX,115,99,30,44,48,25
400489998,2014-04-02,PHX,LAC,108,112,22,54,31,44
400488904,2013-11-01,SAC,LAC,101,110,1,2,1,1
400488913,2013-11-02,GS,SAC,98,87,2,1,1,2
400488994,2013-11-13,SAC,BKN,107,86,5,2,5,2
400489033,2013-11-19,SAC,PHX,107,104,5,5,7,3
400489044,2013-11-20,PHX,SAC,106,113,7,4,6,5
400489060,2013-11-23,LAC,SAC,103,102,8,4,5,9
400489074,2013-11-24,LAL,SAC,100,86,9,4,7,7
400489113,2013-11-29,SAC,LAC,98,104,5,12,10,4
400489124,2013-12-01,SAC,GS,113,115,8,10,11,4
400489162,2013-12-06,SAC,LAL,100,106,9,10,13,4
400489213,2013-12-13,PHX,SAC,116,107,15,6,9,13
400489354,2014-01-02,SAC,PHI,104,113,21,11,21,10
400489608,2014-02-05,SAC,TOR,109,101,23,26,32,17
400489616,2014-02-07,BOS,SAC,99,89,33,17,33,18
400489656,2014-02-12,NY,SAC,101,106,35,18,32,20
400489683,2014-02-19,SAC,GS,92,101,22,32,36,18
400489704,2014-02-22,SAC,BOS,105,98,38,19,36,19
400489745,2014-02-28,LAL,SAC,126,122,38,20,39,20
400489792,2014-03-07,TOR,SAC,99,87,40,22,26,34
400489811,2014-03-09,BKN,SAC,104,89,41,22,30,31
400489832,2014-03-12,PHI,SAC,98,115,42,23,49,15
400489942,2014-03-26,SAC,NY,99,107,42,30,46,25
400489999,2014-04-02,SAC,LAL,107,102,50,25,48,27
400490014,2014-04-04,GS,SAC,102,69,49,27,29,47
400490062,2014-04-12,LAC,SAC,117,101,53,27,24,56
400490102,2014-04-16,SAC,PHX,99,104,34,48,54,28
400488891,2013-10-31,CHI,NY,82,81,1,1,1,1
400488907,2013-11-02,PHI,CHI,107,104,2,1,0,3
400488999,2013-11-15,TOR,CHI,80,96,3,4,6,4
400489071,2013-11-24,LAC,CHI,121,82,6,6,5,10
400489197,2013-12-11,NY,CHI,83,78,12,8,15,6
400489219,2013-12-14,CHI,TOR,77,99,13,9,13,9
400489291,2013-12-25,BKN,CHI,78,95,16,11,19,9
400489336,2013-12-31,CHI,TOR,79,85,15,14,18,12
400489348,2014-01-02,CHI,BOS,94,82,19,13,18,13
400489386,2014-01-07,CHI,PHX,92,87,13,20,18,15
400489469,2014-01-18,CHI,PHI,103,78,27,13,20,19
400489486,2014-01-20,CHI,LAL,102,100,26,16,20,20
400489514,2014-01-24,CHI,LAC,95,112,15,30,21,21
400489593,2014-02-03,SAC,CHI,99,70,24,23,32,16
400489596,2014-02-04,PHX,CHI,92,101,24,24,19,29
400489611,2014-02-06,GS,CHI,102,87,25,24,20,30
400489630,2014-02-09,LAL,CHI,86,92,25,25,33,18
400489663,2014-02-13,CHI,BKN,92,76,27,24,25,27
400489676,2014-02-19,TOR,CHI,92,94,25,28,25,29
400489728,2014-02-26,CHI,GS,103,83,23,35,26,31
400489756,2014-03-02,CHI,NY,109,90,39,21,26,33
400489764,2014-03-03,BKN,CHI,96,80,27,33,29,29
400489859,2014-03-15,CHI,SAC,94,87,43,23,29,37
400489881,2014-03-19,PHI,CHI,94,102,30,38,53,15
400489907,2014-03-22,CHI,PHI,91,81,55,15,31,39
400489970,2014-03-30,BOS,CHI,102,107,32,41,50,23
400489979,2014-03-31,CHI,BOS,94,80,51,23,32,42
400490070,2014-04-13,NY,CHI,100,89,33,47,45,35
400488877,2013-10-30,CLE,BKN,98,94,1,0,0,1
400488949,2013-11-08,PHI,CLE,94,79,4,2,2,4
400488961,2013-11-09,CLE,PHI,127,125,3,4,4,3
400488975,2013-11-11,CHI,CLE,96,81,5,3,3,3
400489105,2013-11-29,BOS,CLE,103,86,12,4,11,7
400489115,2013-11-30,CLE,CHI,97,93,8,7,12,5
400489164,2013-12-07,CLE,LAC,88,82,8,13,13,7
400489183,2013-12-10,CLE,NY,109,94,15,5,13,8
400489270,2013-12-21,CHI,CLE,100,84,16,10,16,10
400489309,2013-12-28,BOS,CLE,103,100,19,10,17,13
400489321,2013-12-29,CLE,GS,104,108,13,19,20,10
400489364,2014-01-04,BKN,CLE,89,82,22,11,21,12
400489382,2014-01-07,CLE,PHI,111,93,23,12,23,12
400489425,2014-01-12,SAC,CLE,124,80,24,13,22,13
400489438,2014-01-14,LAL,CLE,118,120,24,14,24,14
400489495,2014-01-22,CLE,CHI,87,98,20,21,27,15
400489530,2014-01-26,CLE,PHX,90,99,18,25,28,16
400489560,2014-01-30,NY,CLE,117,86,30,16,27,19
400489598,2014-02-05,CLE,LAL,108,119,32,17,33,16
400489644,2014-02-11,CLE,SAC,109,99,35,17,33,19
400489666,2014-02-18,PHI,CLE,85,114,33,21,40,15
400489691,2014-02-21,TOR,CLE,98,91,34,22,25,30
400489719,2014-02-25,CLE,TOR,93,99,25,32,36,22
400489801,2014-03-08,CLE,NY,97,107,40,24,40,24
400489839,2014-03-12,PHX,CLE,101,110,40,25,28,36
400489853,2014-03-14,GS,CLE,94,103,40,26,26,41
400489868,2014-03-16,LAC,CLE,102,80,41,26,20,48
400489918,2014-03-23,NY,CLE,100,106,44,27,41,29
400489930,2014-03-25,CLE,TOR,102,100,31,39,44,28
400489951,2014-03-28,BKN,CLE,108,97,45,29,33,38
400490066,2014-04-12,CLE,BOS,99,111,55,25,49,32
400490097,2014-04-16,CLE,BKN,114,85,38,44,49,33
400488914,2013-11-03,DET,BOS,87,77,3,0,1,2
400488982,2013-11-12,GS,DET,113,95,5,2,3,5
400489008,2013-11-15,SAC,DET,90,97,5,3,6,2
400489022,2013-11-17,LAL,DET,114,99,6,3,7,5
400489030,2013-11-19,DET,NY,92,86,7,3,6,4
400489070,2013-11-24,BKN,DET,97,109,8,5,10,3
400489093,2013-11-27,DET,CHI,79,99,7,7,9,6
400489106,2013-11-29,DET,LAL,102,106,8,9,10,6
400489123,2013-12-01,DET,PHI,115,100,12,6,10,7
400489165,2013-12-07,CHI,DET,75,92,10,10,10,8
400489207,2013-12-13,DET,BKN,103,99,15,8,13,11
400489246,2013-12-18,BOS,DET,106,107,14,13,15,12
400489281,2013-12-23,CLE,DET,92,115,16,14,17,10
400489385,2014-01-07,NY,DET,89,85,21,14,22,12
400489394,2014-01-08,TOR,DET,112,91,22,14,17,17
400489405,2014-01-10,PHI,DET,104,114,22,15,24,12
400489418,2014-01-11,DET,PHX,110,108,15,21,22,16
400489480,2014-01-20,DET,LAC,103,112,14,29,24,17
400489573,2014-02-01,DET,PHI,113,96,33,15,27,19
400489617,2014-02-07,DET,BKN,111,95,26,22,29,20
400489655,2014-02-12,DET,CLE,89,93,33,20,30,22
400489715,2014-02-24,DET,GS,96,104,22,35,34,23
400489765,2014-03-03,DET,NY,96,85,40,21,36,24
400489782,2014-03-05,DET,CHI,94,105,27,34,37,24
400489810,2014-03-09,BOS,DET,118,111,39,24,41,22
400489824,2014-03-11,DET,SAC,99,89,42,22,39,25
400489833,2014-03-12,TOR,DET,101,87,40,25,27,36
400489902,2014-03-21,PHX,DET,98,92,43,25,29,40
400489912,2014-03-22,LAC,DET,112,103,44,25,21,49
400489937,2014-03-26,DET,CLE,96,97,44,29,45,26
400489960,2014-03-29,PHI,DET,123,98,47,26,57,16
400490007,2014-04-04,BKN,DET,116,104,49,27,34,41
400490019,2014-04-05,DET,BOS,115,111,54,23,49,28
400490035,2014-04-09,CLE,DET,122,100,50,29,47,32
400490054,2014-04-11,CHI,DET,106,98,51,29,32,47
400490071,2014-04-13,DET,TOR,107,116,33,47,52,29
400488906,2013-11-02,IND,CLE,89,74,2,1,0,3
400488926,2013-11-05,DET,IND,91,99,0,4,2,2
400488934,2013-11-06,IND,CHI,97,80,3,1,0,5
400488947,2013-11-08,IND,TOR,91,84,4,2,0,6
400488960,2013-11-09,BKN,IND,91,96,0,7,4,2
400489013,2013-11-16,CHI,IND,110,94,1,9,3,5
400489036,2013-11-20,NY,IND,96,103,1,10,8,3
400489052,2013-11-22,BOS,IND,82,97,1,11,10,4
400489061,2013-11-23,IND,PHI,106,98,9,6,1,12
400489122,2013-12-01,LAC,IND,100,105,1,16,6,12
400489229,2013-12-16,IND,DET,96,101,14,12,4,20
400489277,2013-12-22,IND,BOS,106,79,17,12,5,22
400489283,2013-12-23,BKN,IND,86,103,5,23,18,9
400489310,2013-12-28,IND,BKN,105,91,20,10,5,24
400489334,2013-12-31,IND,CLE,91,76,21,10,5,25
400489342,2014-01-01,TOR,IND,95,82,6,25,15,15
400489372,2014-01-05,CLE,IND,78,82,6,27,23,11
400489383,2014-01-07,IND,TOR,86,79,17,16,6,28
400489436,2014-01-14,IND,SAC,116,92,23,13,7,30
400489451,2014-01-16,IND,NY,117,89,24,15,7,31
400489467,2014-01-18,IND,LAC,106,92,14,28,7,32
400489488,2014-01-20,GS,IND,94,102,7,33,17,26
400489502,2014-01-22,PHX,IND,124,100,8,33,17,24
400489517,2014-01-24,SAC,IND,111,116,8,34,27,15
400489547,2014-01-28,LAL,IND,92,104,9,35,30,16
400489559,2014-01-30,IND,PHX,94,102,18,28,10,35
400489570,2014-02-01,IND,BKN,97,96,25,20,10,36
400489720,2014-02-25,IND,LAL,118,98,38,19,13,43
400489750,2014-03-01,BOS,IND,97,102,13,45,40,20
400489772,2014-03-04,IND,GS,96,98,24,37,14,46
400489823,2014-03-11,IND,BOS,94,83,42,22,17,47
400489846,2014-03-14,PHI,IND,94,101,17,48,50,15
400489857,2014-03-15,DET,IND,104,112,17,49,41,25
400489870,2014-03-17,IND,PHI,99,90,52,15,17,50
400489886,2014-03-19,NY,IND,92,86,18,50,40,28
400489895,2014-03-21,IND,CHI,91,79,31,38,18,51
400489923,2014-03-24,CHI,IND,89,77,20,51,31,40
400489967,2014-03-30,CLE,IND,90,76,22,52,45,30
400489987,2014-04-02,IND,DET,101,94,48,27,23,53
400490004,2014-04-04,TOR,IND,102,94,24,53,32,44
400488881,2013-10-30,NY,MIL,90,83,1,0,0,1
400488897,2013-11-01,BOS,MIL,98,105,1,1,2,0
400488910,2013-11-02,MIL,TOR,90,97,1,2,2,1
400488939,2013-11-06,MIL,CLE,109,104,3,2,2,2
400488998,2013-11-15,IND,MIL,104,77,6,2,0,9
400489050,2013-11-22,PHI,MIL,115,107,9,2,8,6
400489077,2013-11-25,DET,MIL,113,94,11,2,8,6
400489120,2013-11-30,MIL,BOS,92,85,12,7,13,3
400489135,2013-12-03,BOS,MIL,108,100,14,3,12,8
400489145,2013-12-04,MIL,DET,98,105,10,9,15,3
400489168,2013-12-07,MIL,BKN,82,90,14,6,16,4
400489189,2013-12-10,CHI,MIL,74,78,16,5,11,8
400489210,2013-12-13,MIL,CHI,90,91,12,9,18,5
400489248,2013-12-18,MIL,NY,101,107,17,8,20,5
400489258,2013-12-20,CLE,MIL,114,111,21,5,15,10
400489271,2013-12-21,MIL,PHI,116,106,20,8,21,6
400489302,2013-12-27,BKN,MIL,104,93,23,6,19,10
400489340,2013-12-31,LAL,MIL,79,94,24,7,19,13
400489368,2014-01-04,PHX,MIL,116,100,26,7,12,20
400489388,2014-01-07,MIL,GS,80,101,13,24,27,7
400489411,2014-01-10,MIL,CHI,72,81,18,16,28,7
400489428,2014-01-13,TOR,MIL,116,94,30,7,17,19
400489501,2014-01-22,MIL,DET,104,101,25,17,33,8
400489511,2014-01-24,CLE,MIL,93,78,34,8,27,16
400489538,2014-01-27,MIL,LAC,86,114,15,32,36,8
400489552,2014-01-29,MIL,PHX,117,126,18,27,37,8
400489587,2014-02-03,MIL,NY,101,98,29,19,39,9
400489640,2014-02-10,MIL,BOS,86,102,34,19,42,9
400489702,2014-02-22,MIL,IND,100,110,13,42,45,10
400489714,2014-02-24,PHI,MIL,110,130,45,11,42,15
400489736,2014-02-27,IND,MIL,101,96,46,11,13,44
400489751,2014-03-01,MIL,BKN,98,107,29,28,47,11
400489783,2014-03-05,MIL,SAC,102,116,39,22,48,12
400489854,2014-03-15,NY,MIL,115,94,53,13,40,27
400489894,2014-03-20,GS,MIL,115,110,56,13,26,44
400489916,2014-03-23,SAC,MIL,124,107,57,13,45,25
400489929,2014-03-24,LAC,MIL,106,98,58,13,21,50
400489946,2014-03-27,MIL,LAL,108,105,47,24,58,14
400489977,2014-03-31,DET,MIL,116,111,60,14,47,27
400490010,2014-04-04,CHI,MIL,102,90,62,14,32,44
400490021,2014-04-05,MIL,TOR,98,102,32,45,63,14
400490041,2014-04-09,MIL,IND,102,104,25,54,64,14
400490058,2014-04-11,MIL,CLE,119,116,48,32,64,15
400490078,2014-04-14,TOR,MIL,110,100,66,15,33,48
400488929,2013-11-05,DAL,LAL,123,104,3,2,1,3
400488965,2013-11-09,MIL,DAL,83,91,3,4,3,2
400489026,2013-11-18,DAL,PHI,97,94,7,5,4,7
400489098,2013-11-27,DAL,GS,103,99,7,9,6,10
400489182,2013-12-09,SAC,DAL,112,97,9,13,13,6
400489199,2013-12-11,GS,DAL,95,93,10,13,10,13
400489221,2013-12-14,DAL,MIL,106,93,19,5,10,14
400489262,2013-12-20,DAL,TOR,108,109,14,10,11,15
400489273,2013-12-21,PHX,DAL,123,108,12,15,10,16
400489314,2013-12-28,CHI,DAL,83,105,13,17,17,11
400489359,2014-01-03,DAL,LAC,112,119,12,23,14,19
400489376,2014-01-05,DAL,NY,80,92,22,11,15,19
400489389,2014-01-07,DAL,LAL,110,97,21,14,15,20
400489450,2014-01-15,LAC,DAL,129,127,17,23,13,27
400489464,2014-01-17,PHX,DAL,107,110,17,24,17,22
400489479,2014-01-20,CLE,DAL,97,102,18,25,26,15
400489497,2014-01-22,TOR,DAL,93,85,19,25,20,21
400489510,2014-01-24,BKN,DAL,107,106,20,25,22,19
400489532,2014-01-26,DAL,DET,116,106,27,17,20,26
400489566,2014-01-31,DAL,SAC,107,103,31,15,21,27
400489590,2014-02-03,DAL,CLE,124,107,32,16,21,28
400489631,2014-02-09,BOS,DAL,91,102,21,31,34,18
400489650,2014-02-12,IND,DAL,73,81,22,32,12,40
400489690,2014-02-21,PHI,DAL,112,124,23,33,41,15
400489701,2014-02-22,DET,DAL,102,113,23,34,33,23
400489716,2014-02-24,NY,DAL,108,110,23,35,36,21
400489743,2014-02-28,DAL,CHI,91,100,26,32,24,36
400489814,2014-03-09,DAL,IND,105,94,17,46,26,38
400489829,2014-03-11,GS,DAL,108,85,27,38,24,41
400489874,2014-03-17,DAL,BOS,94,89,46,22,27,41
400489917,2014-03-23,DAL,BKN,104,107,31,37,29,42
400489947,2014-03-27,DAL,LAC,103,109,22,51,30,43
400489963,2014-03-29,DAL,SAC,103,100,48,25,30,44
400489985,2014-04-01,DAL,GS,120,122,28,46,31,44
400490001,2014-04-03,LAC,DAL,107,113,31,45,23,54
400490015,2014-04-04,LAL,DAL,95,107,31,46,51,25
400490024,2014-04-06,SAC,DAL,91,93,31,47,50,27
400490068,2014-04-12,DAL,PHX,101,98,33,47,32,49
400488898,2013-11-01,HOU,DAL,113,105,1,1,0,2
400488923,2013-11-04,LAC,HOU,137,118,1,3,1,3
400488945,2013-11-07,HOU,LAL,98,99,3,3,2,4
400488963,2013-11-09,HOU,LAC,94,107,3,4,3,4
400488976,2013-11-11,HOU,TOR,110,104,5,3,3,5
400488985,2013-11-13,PHI,HOU,123,117,4,5,4,5
400488996,2013-11-14,NY,HOU,106,109,4,6,5,3
400489032,2013-11-19,HOU,BOS,109,85,8,4,4,8
400489045,2013-11-20,DAL,HOU,123,120,5,8,4,8
400489107,2013-11-29,HOU,BKN,114,95,12,4,5,12
400489144,2013-12-04,HOU,PHX,88,97,9,10,7,13
400489158,2013-12-06,HOU,GS,105,83,9,11,7,14
400489214,2013-12-13,GS,HOU,112,116,8,16,11,13
400489223,2013-12-15,SAC,HOU,106,91,9,16,15,7
400489252,2013-12-18,HOU,CHI,109,94,15,9,9,17
400489261,2013-12-20,IND,HOU,114,81,10,17,5,21
400489269,2013-12-21,DET,HOU,97,114,10,18,16,13
400489285,2013-12-23,HOU,DAL,104,111,12,16,11,18
400489337,2013-12-31,HOU,SAC,106,110,20,10,13,21
400489358,2014-01-03,HOU,NY,102,100,22,10,13,22
400489399,2014-01-08,HOU,LAL,113,99,22,14,13,23
400489429,2014-01-13,BOS,HOU,92,104,14,25,26,13
400489470,2014-01-18,HOU,MIL,114,104,32,7,15,27
400489500,2014-01-22,HOU,SAC,119,98,26,15,15,29
400489554,2014-01-29,DAL,HOU,115,117,17,31,21,26
400489574,2014-02-01,HOU,CLE,106,92,31,16,17,32
400489602,2014-02-05,HOU,PHX,122,108,20,29,17,33
400489626,2014-02-08,MIL,HOU,95,101,17,34,41,9
400489684,2014-02-19,LAL,HOU,108,134,17,37,36,18
400489687,2014-02-20,GS,HOU,102,99,18,37,22,33
400489711,2014-02-23,PHX,HOU,112,115,18,38,22,33
400489725,2014-02-25,SAC,HOU,103,129,18,39,37,20
400489735,2014-02-26,LAC,HOU,101,93,19,39,20,40
400489749,2014-03-01,HOU,DET,118,110,36,23,19,40
400489799,2014-03-07,HOU,IND,112,86,16,46,19,43
400489841,2014-03-13,CHI,HOU,111,87,21,44,29,36
400489906,2014-03-22,CLE,HOU,111,118,22,47,44,26
400489945,2014-03-27,HOU,PHI,120,98,57,15,22,49
400489961,2014-03-29,HOU,LAC,107,118,22,52,23,49
400489984,2014-04-01,BKN,HOU,105,96,24,49,33,40
400489991,2014-04-02,TOR,HOU,107,103,25,49,32,43
400490034,2014-04-08,LAL,HOU,130,145,25,52,53,25
400488899,2013-11-01,MEM,DET,111,108,1,1,1,1
400488909,2013-11-02,DAL,MEM,111,99,2,1,1,2
400488922,2013-11-04,MEM,BOS,95,88,4,0,2,2
400488964,2013-11-09,MEM,GS,108,90,3,4,3,3
400488972,2013-11-11,IND,MEM,95,79,4,3,0,8
400488987,2013-11-13,MEM,TOR,87,103,5,4,5,3
400489007,2013-11-15,LAL,MEM,86,89,5,4,7,4
400489021,2013-11-17,SAC,MEM,86,97,5,5,7,2
400489028,2013-11-18,LAC,MEM,102,106,5,6,4,7
400489046,2013-11-20,GS,MEM,81,88,5,7,4,8
400489079,2013-11-25,MEM,HOU,86,93,5,10,7,7
400489090,2013-11-27,BOS,MEM,93,100,7,8,11,6
400489116,2013-11-30,MEM,BKN,88,97,12,5,8,8
400489138,2013-12-03,MEM,PHX,110,91,9,9,8,9
400489151,2013-12-05,MEM,LAC,81,101,7,13,9,9
400489166,2013-12-07,MEM,GS,82,108,9,12,10,9
400489239,2013-12-17,MEM,LAL,92,96,13,12,14,10
400489250,2013-12-18,DAL,MEM,105,91,15,10,10,15
400489265,2013-12-21,NY,MEM,87,95,15,11,18,8
400489297,2013-12-26,HOU,MEM,100,92,16,12,11,20
400489327,2013-12-30,MEM,CHI,91,95,17,12,17,13
400489351,2014-01-02,PHX,MEM,91,99,17,14,12,19
400489371,2014-01-05,DET,MEM,84,112,18,15,20,14
400489407,2014-01-10,MEM,PHX,104,99,14,21,19,16
400489443,2014-01-15,MIL,MEM,77,82,19,19,31,7
400489461,2014-01-17,MEM,SAC,91,90,24,14,19,20
400489515,2014-01-24,HOU,MEM,87,88,20,21,16,29
400489522,2014-01-25,MEM,HOU,99,81,17,29,20,22
400489557,2014-01-29,SAC,MEM,89,99,20,24,30,15
400489575,2014-02-01,MEM,MIL,99,90,39,8,20,26
400489603,2014-02-05,MEM,DAL,96,110,21,29,22,26
400489633,2014-02-09,CLE,MEM,91,83,23,27,33,18
400489669,2014-02-18,MEM,NY,98,93,33,20,23,30
400489694,2014-02-21,MEM,LAC,102,96,20,37,23,31
400489730,2014-02-26,MEM,LAL,108,103,39,19,24,32
400489752,2014-03-01,MEM,CLE,110,96,37,24,25,33
400489781,2014-03-05,BKN,MEM,103,94,26,34,29,30
400489790,2014-03-07,CHI,MEM,77,85,26,35,28,34
400489847,2014-03-14,TOR,MEM,99,86,27,38,27,37
400489858,2014-03-15,PHI,MEM,77,103,27,39,51,15
400489908,2014-03-22,MEM,IND,82,71,19,51,28,41
400489959,2014-03-28,GS,MEM,100,93,29,43,27,45
400490055,2014-04-11,MEM,PHI,117,95,62,17,32,47
400490076,2014-04-13,LAL,MEM,90,102,32,48,55,25
400490085,2014-04-14,PHX,MEM,91,97,32,49,34,47
400490089,2014-04-16,MEM,DAL,106,105,33,49,32,50
400488884,2013-10-30,NO,IND,90,95,0,2,1,0
400488928,2013-11-05,NO,PHX,98,104,1,3,3,1
400488938,2013-11-06,MEM,NO,84,99,3,2,3,2
400488954,2013-11-08,NO,LAL,96,85,4,3,3,3
400488969,2013-11-10,PHX,NO,101,94,4,3,2,5
400488983,2013-11-12,LAL,NO,116,95,5,3,5,4
400489016,2013-11-16,NO,PHI,135,98,6,5,6,4
400489056,2013-11-22,NO,CLE,104,100,9,4,6,6
400489087,2013-11-26,NO,GS,101,102,6,9,8,6
400489110,2013-11-29,PHI,NO,105,121,8,7,11,6
400489127,2013-12-01,NY,NO,99,103,8,8,13,3
400489130,2013-12-02,CHI,NO,128,131,8,9,9,7
400489146,2013-12-04,NO,DAL,97,100,8,12,9,9
400489196,2013-12-11,NO,DET,111,106,13,10,10,10
400489208,2013-12-13,NO,MEM,104,98,12,10,10,11
400489241,2013-12-17,GS,NO,104,93,12,11,12,14
400489253,2013-12-18,LAC,NO,108,95,13,11,9,18
400489290,2013-12-23,SAC,NO,100,113,14,12,19,8
400489315,2013-12-28,HOU,NO,107,98,15,13,11,21
400489357,2014-01-03,BOS,NO,92,95,16,15,20,13
400489362,2014-01-04,IND,NO,99,82,17,15,6,26
400489409,2014-01-10,NO,DAL,90,107,16,21,20,15
400489422,2014-01-11,DAL,NO,110,107,21,15,16,22
400489445,2014-01-15,NO,HOU,100,103,14,26,23,15
400489472,2014-01-18,NO,GS,87,97,16,26,24,15
400489484,2014-01-20,MEM,NO,92,95,24,16,20,20
400489491,2014-01-21,NO,SAC,97,114,25,15,25,16
400489512,2014-01-24,DET,NO,101,103,25,17,26,17
400489541,2014-01-28,CLE,NO,89,100,25,19,29,16
400489576,2014-02-01,NO,CHI,88,79,23,23,26,20
400489632,2014-02-09,BKN,NO,93,81,28,22,26,23
400489638,2014-02-10,TOR,NO,108,101,29,22,24,27
400489658,2014-02-12,MIL,NO,98,102,29,23,43,9
400489679,2014-02-19,NO,NY,91,98,33,21,30,23
400489717,2014-02-24,NO,LAC,110,123,20,39,33,23
400489729,2014-02-26,DAL,NO,108,89,34,23,23,36
400489746,2014-02-28,PHX,NO,116,104,35,23,24,34
400489755,2014-03-01,LAC,NO,108,76,36,23,20,41
400489770,2014-03-03,SAC,NO,96,89,37,23,39,21
400489776,2014-03-04,LAL,NO,125,132,37,24,40,21
400489796,2014-03-07,NO,MIL,112,104,49,12,37,25
400489836,2014-03-12,NO,MEM,88,90,26,38,38,26
400489863,2014-03-16,NO,BOS,121,120,45,22,39,27
400489885,2014-03-19,NO,TOR,100,107,29,38,40,27
400489925,2014-03-24,NO,BKN,109,104,32,37,40,30
400489939,2014-03-26,NO,LAC,98,96,22,50,40,31
400489981,2014-03-31,NO,SAC,97,102,48,26,42,32
400490043,2014-04-09,NO,PHX,88,94,31,47,46,32
400490067,2014-04-12,HOU,NO,111,104,48,32,27,53
400490092,2014-04-16,NO,HOU,105,100,28,54,48,34
400488886,2013-10-30,SA,MEM,101,94,1,0,0,1
400488905,2013-11-01,LAL,SA,85,91,0,2,2,1
400488941,2013-11-06,SA,PHX,99,96,2,3,1,4
400488955,2013-11-08,SA,GS,76,74,2,4,1,5
400488967,2013-11-10,NY,SA,89,120,1,6,4,2
400488973,2013-11-11,PHI,SA,85,109,1,7,4,4
400489043,2013-11-20,SA,BOS,104,93,9,4,1,10
400489054,2013-11-22,MEM,SA,86,102,1,11,6,7
400489067,2013-11-23,SA,CLE,126,96,10,4,1,12
400489081,2013-11-25,SA,NO,112,93,7,6,1,13
400489118,2013-11-30,SA,HOU,106,112,5,13,3,14
400489169,2013-12-07,SA,IND,100,111,2,18,4,15
400489185,2013-12-10,TOR,SA,103,116,4,16,13,7
400489194,2013-12-11,MIL,SA,77,109,4,17,17,5
400489236,2013-12-16,LAC,SA,115,92,5,19,9,17
400489251,2013-12-18,PHX,SA,101,108,5,20,10,14
400489255,2013-12-19,GS,SA,102,104,5,21,13,14
400489287,2013-12-23,SA,TOR,112,99,15,11,6,22
400489294,2013-12-25,SA,HOU,98,111,11,19,7,22
400489298,2013-12-26,DAL,SA,107,116,7,23,13,16
400489324,2013-12-29,SA,SAC,112,104,20,9,7,24
400489338,2013-12-31,SA,BKN,113,92,21,10,7,25
400489350,2014-01-02,SA,NY,101,105,21,10,8,25
400489367,2014-01-04,SA,LAC,116,92,13,23,8,26
400489387,2014-01-07,MEM,SA,108,110,8,27,19,15
400489393,2014-01-08,SA,DAL,112,90,16,20,8,28
400489432,2014-01-13,NO,SA,95,101,8,30,22,15
400489477,2014-01-19,SA,MIL,110,82,33,7,9,32
400489544,2014-01-28,HOU,SA,97,90,12,33,17,30
400489556,2014-01-29,SA,CHI,86,96,22,23,13,33
400489577,2014-02-01,SA,SAC,95,93,32,15,13,34
400489588,2014-02-03,NO,SA,95,102,13,35,27,20
400489610,2014-02-06,BKN,SA,103,89,14,36,25,22
400489639,2014-02-10,DET,SA,109,100,15,37,29,22
400489653,2014-02-12,BOS,SA,92,104,15,38,35,19
400489673,2014-02-18,LAC,SA,103,113,15,39,19,37
400489695,2014-02-21,PHX,SA,106,85,16,40,21,33
400489732,2014-02-26,SA,DET,120,110,35,23,16,41
400489761,2014-03-02,SA,DAL,112,106,25,36,16,43
400489771,2014-03-04,CLE,SA,101,122,16,44,38,24
400489825,2014-03-11,CHI,SA,96,104,16,47,29,35
400489851,2014-03-14,SA,LAL,119,85,44,22,16,49
400489890,2014-03-19,LAL,SA,109,125,16,51,45,22
400489903,2014-03-21,SAC,SA,79,99,16,52,45,24
400489911,2014-03-22,GS,SA,90,99,16,53,27,44
400489927,2014-03-24,SA,PHI,113,91,56,15,16,54
400489965,2014-03-29,SA,NO,96,80,41,32,16,57
400489975,2014-03-31,IND,SA,77,103,16,58,23,52
400489996,2014-04-02,SA,GS,111,90,29,46,16,59
400490027,2014-04-06,SA,MEM,112,92,32,45,17,60
400490047,2014-04-10,DAL,SA,100,109,18,61,32,48
400490059,2014-04-11,SA,PHX,112,104,32,47,18,62
400490082,2014-04-14,HOU,SA,104,98,19,62,27,54
400490094,2014-04-16,SA,LAL,100,113,55,27,20,62
400488885,2013-10-30,DAL,ATL,118,109,1,0,0,1
400488896,2013-11-01,ATL,TOR,102,95,1,1,1,1
400488919,2013-11-03,LAL,ATL,105,103,2,1,2,2
400488932,2013-11-05,SAC,ATL,100,105,2,2,3,1
400488989,2013-11-13,ATL,NY,91,95,4,3,4,4
400489000,2013-11-15,ATL,PHI,113,103,5,5,4,5
400489012,2013-11-16,NY,ATL,90,110,4,6,6,3
400489039,2013-11-20,ATL,DET,93,85,7,4,5,7
400489053,2013-11-22,DET,ATL,89,96,5,8,8,4
400489063,2013-11-23,ATL,BOS,87,94,10,5,6,8
400489094,2013-11-27,HOU,ATL,113,84,8,8,5,11
400489104,2013-11-29,ATL,DAL,88,87,7,10,8,9
400489131,2013-12-02,SA,ATL,102,100,10,9,3,15
400489143,2013-12-04,ATL,LAC,107,97,7,12,10,10
400489155,2013-12-06,ATL,CLE,108,89,13,6,10,11
400489218,2013-12-14,NY,ATL,111,106,12,12,16,7
400489230,2013-12-16,ATL,LAL,114,100,13,11,12,13
400489245,2013-12-18,ATL,SAC,124,107,17,7,12,14
400489296,2013-12-26,CLE,ATL,125,127,13,16,18,10
400489333,2013-12-31,BOS,ATL,91,92,14,18,18,13
400489356,2014-01-03,ATL,GS,100,101,13,22,15,18
400489365,2014-01-04,CHI,ATL,91,84,16,18,18,14
400489379,2014-01-06,BKN,ATL,91,86,17,18,21,13
400489395,2014-01-08,ATL,IND,97,87,7,28,17,19
400489406,2014-01-10,ATL,HOU,83,80,14,23,17,20
400489426,2014-01-12,MEM,ATL,108,101,18,20,19,17
400489452,2014-01-16,ATL,BKN,110,127,22,16,19,20
400489508,2014-01-24,ATL,SA,79,105,10,33,20,22
400489523,2014-01-25,MIL,ATL,87,112,20,23,35,8
400489563,2014-01-31,PHI,ATL,99,125,21,24,32,15
400489594,2014-02-04,ATL,IND,85,89,10,38,22,25
400489604,2014-02-05,NO,ATL,105,100,23,25,27,21
400489623,2014-02-08,ATL,MEM,76,79,22,27,24,25
400489645,2014-02-11,CHI,ATL,100,85,25,25,25,26
400489652,2014-02-12,TOR,ATL,104,83,26,25,24,28
400489665,2014-02-18,IND,ATL,108,98,27,25,12,41
400489692,2014-02-21,DET,ATL,115,107,29,25,32,23
400489700,2014-02-22,ATL,NY,107,98,35,21,29,26
400489722,2014-02-25,ATL,CHI,103,107,26,30,30,26
400489727,2014-02-26,BOS,ATL,115,104,31,26,39,20
400489762,2014-03-02,PHX,ATL,129,120,32,26,24,35
400489800,2014-03-07,GS,ATL,111,97,34,26,24,39
400489806,2014-03-08,LAC,ATL,109,108,35,26,20,44
400489842,2014-03-13,ATL,MIL,102,97,52,13,35,28
400489877,2014-03-18,ATL,TOR,118,113,29,37,35,31
400489898,2014-03-21,ATL,NO,105,111,40,28,36,31
400489913,2014-03-23,TOR,ATL,96,86,37,31,30,39
400489921,2014-03-24,ATL,PHX,95,102,29,42,38,31
400489976,2014-03-31,ATL,PHI,103,95,58,16,41,32
400489993,2014-04-02,ATL,CHI,92,105,32,43,42,32
400490005,2014-04-04,ATL,CLE,117,98,46,31,42,33
400490025,2014-04-06,IND,ATL,88,107,42,34,25,53
400532894,2014-04-08,ATL,DET,95,102,49,29,43,34
400490039,2014-04-09,ATL,BOS,105,97,55,23,43,35
400490052,2014-04-11,BKN,ATL,88,93,43,36,36,43
400490090,2014-04-16,MIL,ATL,103,111,44,38,67,15
400488882,2013-10-30,HOU,CHA,96,83,1,0,0,1
400488893,2013-11-01,CHA,CLE,90,84,1,1,1,1
400488908,2013-11-02,NO,CHA,105,84,2,1,2,1
400488927,2013-11-05,NY,CHA,97,102,2,2,3,1
400488933,2013-11-06,CHA,TOR,92,90,3,2,2,3
400488946,2013-11-08,CHA,NY,91,101,3,2,3,3
400488971,2013-11-11,CHA,ATL,94,103,3,4,4,3
400488986,2013-11-13,BOS,CHA,83,89,4,4,5,4
400489002,2013-11-15,CLE,CHA,80,86,4,5,7,3
400489024,2013-11-18,CHI,CHA,86,81,6,5,3,6
400489034,2013-11-20,CHA,BKN,95,91,8,3,6,6
400489049,2013-11-22,CHA,PHX,91,98,6,6,7,6
400489066,2013-11-23,MIL,CHA,72,96,7,7,10,2
400489075,2013-11-25,CHA,BOS,86,96,10,6,8,7
400489088,2013-11-27,CHA,IND,74,99,1,14,9,7
400489101,2013-11-29,CHA,MIL,92,76,13,2,9,8
400489139,2013-12-03,DAL,CHA,89,82,11,8,8,11
400489153,2013-12-06,CHA,PHI,105,88,13,7,11,9
400489177,2013-12-09,CHA,GS,115,111,10,12,11,10
400489202,2013-12-13,IND,CHA,99,94,13,10,3,20
400489215,2013-12-14,CHA,LAL,85,88,12,11,14,10
400489237,2013-12-17,CHA,SAC,95,87,16,7,14,11
400489244,2013-12-18,TOR,CHA,102,104,14,12,14,9
400489259,2013-12-20,DET,CHA,106,116,14,13,15,13
400489280,2013-12-23,CHA,MIL,111,110,22,6,15,14
400489313,2013-12-28,ATL,CHA,118,116,17,14,13,17
400489345,2014-01-01,LAC,CHA,112,85,19,14,12,22
400489370,2014-01-04,SAC,CHA,103,113,20,15,22,10
400489420,2014-01-11,CHI,CHA,103,97,23,15,18,17
400489435,2014-01-14,CHA,NY,108,98,23,15,23,16
400489440,2014-01-15,PHI,CHA,95,92,24,16,25,13
400489481,2014-01-20,CHA,TOR,100,95,20,20,25,18
400489494,2014-01-22,CHA,LAC,95,91,15,29,25,19
400489513,2014-01-24,NY,CHA,125,96,26,19,27,16
400489519,2014-01-25,CHA,CHI,87,89,21,22,27,19
400489568,2014-01-31,LAL,CHA,100,110,27,21,31,16
400489579,2014-02-01,PHX,CHA,105,95,28,21,18,29
400489597,2014-02-04,GS,CHA,75,91,28,22,20,29
400489622,2014-02-08,CHA,SA,100,104,14,37,29,22
400489643,2014-02-11,CHA,DAL,114,89,22,31,29,23
400489654,2014-02-12,BKN,CHA,105,89,30,23,26,24
400489668,2014-02-18,DET,CHA,96,108,30,24,31,22
400489674,2014-02-19,CHA,DET,116,98,32,22,30,25
400489688,2014-02-21,CHA,NO,90,87,31,23,30,26
400489698,2014-02-22,CHA,MEM,92,89,24,31,30,27
400489744,2014-02-28,SA,CHA,92,82,31,27,16,42
400489777,2014-03-05,CHA,IND,109,87,15,46,33,28
400489791,2014-03-07,CHA,CLE,101,92,39,24,33,29
400489803,2014-03-08,MEM,CHA,111,89,34,29,26,36
400489860,2014-03-16,MIL,CHA,92,101,34,33,54,13
400489869,2014-03-17,CHA,ATL,83,97,35,30,35,33
400489883,2014-03-19,BKN,CHA,104,99,36,33,31,35
400489920,2014-03-24,CHA,HOU,89,100,22,48,37,34
400489934,2014-03-26,CHA,BKN,116,111,33,37,37,35
400489990,2014-04-02,PHI,CHA,93,123,38,37,59,16
400490018,2014-04-05,CLE,CHA,94,96,38,39,47,31
400490051,2014-04-11,BOS,CHA,106,103,39,40,55,24
400490063,2014-04-12,CHA,PHI,111,105,63,17,39,41
400490080,2014-04-14,ATL,CHA,93,95,39,42,44,37
400490096,2014-04-16,CHA,CHI,91,86,34,48,39,43
400488875,2013-10-29,MIA,CHI,107,95,1,0,0,1
400488878,2013-10-30,PHI,MIA,114,110,1,1,0,1
400488901,2013-11-01,BKN,MIA,101,100,2,1,1,1
400488924,2013-11-05,TOR,MIA,95,104,2,3,2,2
400488943,2013-11-07,MIA,LAC,102,97,3,3,2,4
400488962,2013-11-09,MIA,BOS,110,111,4,3,3,4
400488980,2013-11-12,MIA,MIL,118,95,4,2,3,5
400489003,2013-11-15,MIA,DAL,110,104,4,5,3,6
400489009,2013-11-16,CHA,MIA,81,97,3,7,5,5
400489031,2013-11-19,MIA,ATL,104,88,5,6,3,8
400489078,2013-11-25,MIA,PHX,107,92,7,7,3,11
400489092,2013-11-27,CLE,MIA,84,95,3,12,11,4
400489103,2013-11-29,TOR,MIA,83,90,3,13,9,6
400489125,2013-12-01,MIA,CHA,99,98,10,8,3,14
400489137,2013-12-03,MIA,DET,97,107,10,8,4,14
400489152,2013-12-05,CHI,MIA,107,87,5,14,9,8
400489173,2013-12-08,DET,MIA,95,110,5,16,11,10
400489184,2013-12-10,IND,MIA,90,84,6,16,3,19
400489217,2013-12-14,MIA,CLE,114,107,14,9,6,17
400489242,2013-12-18,MIA,IND,97,94,5,20,6,19
400489260,2013-12-20,MIA,SAC,122,103,18,7,6,20
400489284,2013-12-23,MIA,ATL,121,119,13,15,6,21
400489293,2013-12-25,LAL,MIA,95,101,6,22,16,13
400489307,2013-12-27,SAC,MIA,108,103,7,22,19,9
400489347,2014-01-02,MIA,GS,114,123,13,21,8,24
400489373,2014-01-05,MIA,TOR,102,97,16,16,8,26
400489384,2014-01-07,MIA,NO,107,88,18,15,8,27
400489402,2014-01-09,NY,MIA,102,92,9,27,22,13
400489410,2014-01-10,BKN,MIA,104,95,10,27,21,15
400489456,2014-01-17,PHI,MIA,86,101,11,28,26,13
400489466,2014-01-18,CHA,MIA,96,104,11,29,25,17
400489485,2014-01-20,ATL,MIA,121,114,12,29,19,21
400489490,2014-01-21,MIA,BOS,93,86,29,14,12,30
400489504,2014-01-23,MIA,LAL,109,102,27,16,12,31
400489527,2014-01-26,MIA,SA,113,101,11,33,12,32
400489578,2014-02-01,NY,MIA,91,106,13,33,28,19
400489586,2014-02-03,MIA,DET,102,96,28,19,13,34
400489609,2014-02-05,LAC,MIA,112,116,13,35,18,34
400489647,2014-02-11,PHX,MIA,97,103,14,36,21,30
400489661,2014-02-12,GS,MIA,110,111,14,37,22,31
400489671,2014-02-18,DAL,MIA,106,117,14,38,23,32
400489707,2014-02-23,MIA,CHI,93,79,26,29,14,40
400489738,2014-02-27,MIA,NY,108,82,37,21,14,41
400489766,2014-03-03,MIA,CHA,124,107,33,27,14,43
400489773,2014-03-04,HOU,MIA,106,103,15,43,19,41
400489787,2014-03-06,SA,MIA,111,87,16,43,16,45
400489807,2014-03-09,CHI,MIA,95,88,17,43,28,35
400489830,2014-03-12,MIA,BKN,95,96,30,33,18,44
400489862,2014-03-16,MIA,HOU,113,104,22,44,19,45
400489876,2014-03-18,CLE,MIA,96,100,19,46,42,26
400489882,2014-03-19,BOS,MIA,101,96,20,46,46,23
400489900,2014-03-21,MIA,MEM,91,86,28,40,20,47
400489909,2014-03-22,NO,MIA,105,95,21,47,40,29
400489940,2014-03-26,IND,MIA,84,83,22,48,20,52
400489952,2014-03-28,DET,MIA,78,110,22,49,46,26
400489964,2014-03-29,MIL,MIA,67,88,22,50,59,14
400489978,2014-03-31,MIA,TOR,93,83,32,42,22,51
400489994,2014-04-02,MIA,MIL,96,77,61,14,22,52
400490022,2014-04-06,MIA,NY,102,91,45,33,23,53
400490031,2014-04-08,MIA,BKN,87,88,34,43,24,53
400490040,2014-04-09,MEM,MIA,107,102,25,53,32,46
400490053,2014-04-11,MIA,IND,98,86,26,54,25,54
400490065,2014-04-12,ATL,MIA,98,85,26,54,43,37
400490098,2014-04-16,MIA,PHI,87,100,63,19,28,54
400488874,2013-10-29,IND,ORL,97,87,1,0,0,1
400488894,2013-11-01,ORL,NO,110,90,2,0,2,1
400488916,2013-11-03,ORL,BKN,107,86,2,1,2,2
400488935,2013-11-06,ORL,LAC,98,90,2,3,2,3
400488948,2013-11-08,ORL,BOS,89,91,4,2,3,3
400488959,2013-11-09,ATL,ORL,104,94,4,3,3,3
400488974,2013-11-11,BOS,ORL,120,105,5,3,4,4
400488984,2013-11-13,ORL,MIL,94,91,5,2,5,4
400489010,2013-11-16,ORL,DAL,100,108,4,6,6,4
400489037,2013-11-20,ORL,MIA,92,120,3,9,7,4
400489064,2013-11-23,MIA,ORL,101,99,8,4,3,10
400489072,2013-11-24,ORL,PHX,96,104,6,7,9,4
400489086,2013-11-26,ATL,ORL,92,109,9,5,7,8
400489089,2013-11-27,ORL,PHI,105,94,10,6,9,6
400489102,2013-11-29,ORL,SA,91,109,2,14,10,6
400489134,2013-12-03,PHI,ORL,126,125,12,6,12,7
400489157,2013-12-06,NY,ORL,121,83,13,6,13,5
400489174,2013-12-08,HOU,ORL,98,88,14,6,7,15
400489180,2013-12-09,MEM,ORL,94,85,15,6,10,10
400489191,2013-12-11,CHA,ORL,83,92,15,7,12,10
400489203,2013-12-13,ORL,CLE,100,109,13,9,16,7
400489235,2013-12-16,CHI,ORL,82,83,17,8,14,9
400489268,2013-12-21,ORL,SAC,100,105,18,8,19,8
400489282,2013-12-23,ORL,NY,98,103,18,9,20,8
400489301,2013-12-27,ORL,DET,109,92,17,14,20,9
400489322,2013-12-29,ORL,ATL,109,102,14,17,20,10
400489335,2013-12-31,ORL,GS,81,94,13,20,21,10
400489346,2014-01-02,CLE,ORL,87,81,22,10,21,11
400489363,2014-01-04,ORL,MIA,94,110,8,25,23,10
400489380,2014-01-06,LAC,ORL,101,81,24,10,13,24
400489413,2014-01-10,SAC,ORL,103,83,26,10,22,12
400489433,2014-01-13,DAL,ORL,107,88,28,10,16,23
400489439,2014-01-15,ORL,CHI,125,128,19,18,29,10
400489455,2014-01-17,ORL,CHA,101,111,24,17,30,10
400489475,2014-01-19,ORL,BOS,93,91,28,14,30,11
400489489,2014-01-21,BKN,ORL,101,90,31,11,22,18
400489496,2014-01-22,ORL,ATL,109,112,19,22,32,11
400489506,2014-01-24,ORL,LAL,114,105,28,16,32,12
400489529,2014-01-26,NO,ORL,100,92,33,12,25,18
400489542,2014-01-28,DET,ORL,103,87,34,12,27,18
400489549,2014-01-29,TOR,ORL,98,83,35,12,21,24
400489562,2014-01-31,ORL,MIL,113,102,38,8,35,13
400489582,2014-02-02,BOS,ORL,96,89,36,13,33,16
400489583,2014-02-03,IND,ORL,98,79,37,13,10,37
400489606,2014-02-05,ORL,DET,112,98,29,19,37,14
400489634,2014-02-09,ORL,IND,93,92,11,39,37,16
400489651,2014-02-12,ORL,MEM,81,86,23,29,38,16
400489670,2014-02-18,MIL,ORL,104,100,39,16,43,10
400489675,2014-02-19,CLE,ORL,101,93,40,16,33,22
400489689,2014-02-21,ORL,NY,129,121,34,21,40,17
400489709,2014-02-23,TOR,ORL,105,90,41,17,25,31
400489726,2014-02-26,PHI,ORL,90,101,42,18,43,15
400489747,2014-03-01,MIA,ORL,112,98,43,18,14,42
400489759,2014-03-02,ORL,PHI,92,81,45,15,43,19
400489778,2014-03-05,ORL,HOU,89,101,19,42,44,19
400489805,2014-03-08,SA,ORL,121,112,45,19,16,46
400489820,2014-03-10,MIL,ORL,105,98,46,19,50,13
400489880,2014-03-18,GS,ORL,103,89,49,19,26,43
400489889,2014-03-19,PHX,ORL,109,93,50,19,29,39
400489919,2014-03-23,LAL,ORL,103,94,52,19,46,23
400489948,2014-03-28,ORL,CHA,110,105,38,35,52,21
400489969,2014-03-30,ORL,TOR,93,98,31,42,53,21
400489989,2014-04-02,ORL,CLE,98,119,45,31,54,21
400490003,2014-04-04,CHA,ORL,91,80,55,21,38,38
400490036,2014-04-09,ORL,BKN,115,111,35,43,55,23
400490072,2014-04-13,BKN,ORL,97,88,57,23,36,44
400490081,2014-04-14,CHI,ORL,108,95,58,23,33,48
400490100,2014-04-16,ORL,IND,86,101,26,56,59,23
400488880,2013-10-30,DET,WSH,113,102,1,0,0,1
400488895,2013-11-01,WSH,PHI,102,109,0,2,2,0
400488915,2013-11-03,MIA,WSH,103,93,3,0,2,2
400488936,2013-11-06,PHI,WSH,102,116,3,1,2,3
400488950,2013-11-08,WSH,BKN,112,108,3,2,3,2
400488981,2013-11-12,DAL,WSH,105,95,5,2,3,5
400488990,2013-11-13,SA,WSH,92,79,6,2,1,8
400489011,2013-11-16,WSH,CLE,96,103,7,4,7,2
400489035,2013-11-20,CLE,WSH,91,98,7,4,8,4
400489051,2013-11-22,TOR,WSH,96,88,8,4,7,6
400489062,2013-11-23,WSH,NY,98,89,9,3,8,5
400489085,2013-11-26,WSH,LAL,116,111,8,7,8,6
400489095,2013-11-27,MIL,WSH,92,100,8,7,12,2
400489109,2013-11-29,IND,WSH,93,73,9,7,1,15
400489114,2013-11-30,WSH,ATL,108,101,9,9,9,8
400489129,2013-12-02,WSH,ORL,98,80,11,6,9,9
400489154,2013-12-06,WSH,MIL,105,109,15,4,10,9
400489205,2013-12-13,ATL,WSH,101,99,12,9,11,12
400489216,2013-12-14,WSH,LAC,97,113,9,16,13,9
400489234,2013-12-16,NY,WSH,101,102,13,10,17,7
400489247,2013-12-18,BKN,WSH,107,113,13,11,16,9
400489266,2013-12-21,BOS,WSH,99,106,13,12,16,12
400489312,2013-12-28,WSH,DET,106,82,18,14,14,13
400489326,2013-12-30,DET,WSH,99,106,14,14,19,14
400489341,2014-01-01,WSH,DAL,78,87,13,19,15,14
400489355,2014-01-03,WSH,TOR,88,101,15,16,16,14
400489374,2014-01-05,WSH,GS,96,112,13,23,17,14
400489381,2014-01-07,CHA,WSH,83,97,17,15,21,15
400489398,2014-01-08,NO,WSH,96,102,17,16,19,15
400489404,2014-01-10,IND,WSH,93,66,18,16,7,29
400489417,2014-01-11,WSH,HOU,107,114,14,24,19,16
400489431,2014-01-13,CHI,WSH,88,102,19,17,19,17
400489441,2014-01-15,WSH,MIA,114,97,11,27,19,18
400489458,2014-01-17,WSH,CHI,96,93,20,18,19,19
400489468,2014-01-18,WSH,DET,98,104,23,17,20,19
400489482,2014-01-20,WSH,PHI,107,99,28,13,20,20
400489498,2014-01-22,WSH,BOS,111,113,29,15,21,20
400489516,2014-01-24,PHX,WSH,95,101,21,21,18,24
400489546,2014-01-28,GS,WSH,85,88,22,22,19,27
400489558,2014-01-29,LAC,WSH,110,103,23,22,15,33
400489600,2014-02-05,WSH,SA,118,125,13,36,24,24
400489615,2014-02-07,WSH,CLE,113,115,33,17,25,24
400489635,2014-02-09,WSH,SAC,93,84,34,17,25,25
400489646,2014-02-11,MEM,WSH,92,89,26,25,23,28
400489657,2014-02-12,HOU,WSH,113,112,27,25,17,36
400489667,2014-02-18,WSH,TOR,93,103,24,29,28,25
400489677,2014-02-19,ATL,WSH,97,114,28,26,28,25
400489699,2014-02-22,WSH,NO,94,93,32,23,28,27
400489708,2014-02-23,CLE,WSH,83,96,28,28,35,22
400489721,2014-02-25,WSH,ORL,115,106,42,17,28,29
400489737,2014-02-27,TOR,WSH,129,134,28,30,26,32
400489748,2014-03-01,PHI,WSH,103,122,28,31,44,15
400489763,2014-03-03,WSH,MEM,104,110,25,34,29,31
400489804,2014-03-08,MIL,WSH,107,114,29,33,50,12
400489818,2014-03-10,MIA,WSH,99,90,30,33,17,44
400489834,2014-03-12,WSH,CHA,85,98,34,31,31,33
400489845,2014-03-14,ORL,WSH,101,105,31,34,48,19
400489855,2014-03-15,WSH,BKN,101,94,31,33,31,35
400489879,2014-03-18,SAC,WSH,117,111,32,35,44,24
400489904,2014-03-21,LAL,WSH,107,117,33,36,46,22
400489935,2014-03-26,WSH,PHX,93,99,29,43,35,36
400489950,2014-03-28,WSH,IND,91,78,21,52,35,37
400489962,2014-03-29,WSH,ATL,101,97,41,31,35,38
400489974,2014-03-31,CHA,WSH,100,94,36,38,38,36
400489992,2014-04-02,WSH,BOS,118,92,52,23,36,39
400490009,2014-04-04,NY,WSH,89,90,36,40,44,33
400490017,2014-04-05,WSH,CHI,78,96,32,45,37,40
400490038,2014-04-09,WSH,CHA,88,94,38,40,38,40
400490049,2014-04-11,ORL,WSH,86,96,38,41,56,23
400490064,2014-04-12,WSH,MIL,104,91,65,15,38,42
400490079,2014-04-14,WSH,MIA,114,93,27,54,38,43
400490095,2014-04-16,BOS,WSH,102,118,38,44,57,25
400488889,2013-10-30,SAC,DEN,90,88,1,0,0,1
400488930,2013-11-05,DEN,SA,94,102,1,3,3,0
400488944,2013-11-07,DEN,ATL,109,107,3,2,3,1
400488956,2013-11-08,PHX,DEN,114,103,4,1,2,4
400488991,2013-11-13,DEN,LAL,111,99,6,4,4,3
400489014,2013-11-16,HOU,DEN,122,111,5,4,4,7
400489048,2013-11-21,DEN,CHI,97,87,4,6,6,5
400489068,2013-11-23,DEN,DAL,102,100,5,9,6,6
400489080,2013-11-25,DAL,DEN,96,110,6,7,6,9
400489111,2013-11-29,DEN,NY,97,95,12,3,6,9
400489121,2013-12-01,TOR,DEN,98,112,6,10,10,6
400489136,2013-12-03,BKN,DEN,87,111,6,11,13,5
400489142,2013-12-04,CLE,DEN,98,88,7,11,12,6
400489156,2013-12-06,BOS,DEN,106,98,8,11,12,9
400489163,2013-12-07,PHI,DEN,92,103,8,12,14,7
400489179,2013-12-09,WSH,DEN,74,75,8,13,11,9
400489227,2013-12-15,DEN,NO,102,93,11,11,9,14
400489263,2013-12-20,DEN,PHX,99,103,10,15,11,14
400489276,2013-12-21,LAC,DEN,112,91,12,14,9,19
400489288,2013-12-23,DEN,GS,81,89,13,16,13,14
400489305,2013-12-27,NO,DEN,105,89,14,14,14,13
400489316,2013-12-28,MEM,DEN,120,99,15,14,16,13
400489330,2013-12-30,DEN,MIA,94,97,7,24,16,14
400489344,2014-01-01,DEN,PHI,102,114,21,10,17,14
400489360,2014-01-03,DEN,MEM,111,108,18,14,17,15
400489377,2014-01-05,LAL,DEN,115,137,17,16,20,14
400489390,2014-01-07,DEN,BOS,129,98,22,13,17,17
400489423,2014-01-11,DEN,ORL,120,94,27,10,17,19
400489449,2014-01-15,GS,DEN,116,123,18,20,15,25
400489463,2014-01-17,DEN,CLE,109,117,25,15,19,20
400489478,2014-01-19,PHX,DEN,117,103,20,20,17,23
400489524,2014-01-25,DEN,IND,109,96,9,34,21,21
400489534,2014-01-26,SAC,DEN,117,125,21,22,28,15
400489555,2014-01-29,DEN,CHA,98,101,27,20,22,22
400489567,2014-01-31,DEN,TOR,90,100,21,25,23,22
400489591,2014-02-03,DEN,LAC,116,115,17,34,23,23
400489607,2014-02-05,DEN,MIL,110,100,40,9,23,24
400489618,2014-02-07,NY,DEN,117,90,24,24,30,20
400489624,2014-02-08,DET,DEN,126,109,25,24,29,21
400489637,2014-02-10,IND,DEN,119,80,26,24,11,40
400489672,2014-02-18,DEN,PHX,107,112,21,31,28,24
400489685,2014-02-20,MIL,DEN,90,101,28,25,44,10
400489693,2014-02-21,CHI,DEN,117,89,29,25,25,29
400489710,2014-02-23,DEN,SAC,95,109,36,20,30,25
400489739,2014-02-27,DEN,BKN,89,112,29,27,32,25
400489785,2014-03-05,DEN,DAL,115,110,26,36,34,26
400489798,2014-03-07,DEN,LAL,134,126,42,21,34,27
400489809,2014-03-09,NO,DEN,111,107,35,27,37,26
400489816,2014-03-10,CHA,DEN,105,98,36,27,34,30
400489831,2014-03-12,ORL,DEN,112,120,36,28,47,19
400489849,2014-03-14,MIA,DEN,107,111,36,29,19,44
400489856,2014-03-15,ATL,DEN,97,92,37,29,35,29
400489875,2014-03-17,DEN,LAC,110,100,21,48,37,30
400489888,2014-03-19,DEN,DET,118,109,42,25,37,31
400489901,2014-03-21,DAL,DEN,122,106,38,31,28,42
400489915,2014-03-23,DEN,WSH,105,102,34,36,38,32
400489941,2014-03-26,SA,DEN,108,103,40,32,16,55
400489957,2014-03-28,DEN,SA,102,133,16,56,41,32
400489982,2014-03-31,DEN,MEM,92,94,30,44,42,32
400489997,2014-04-02,DEN,NO,137,107,43,32,42,33
400490002,2014-04-04,MEM,DEN,100,92,43,33,31,45
400490026,2014-04-06,HOU,DEN,130,125,44,33,25,51
400490044,2014-04-09,DEN,HOU,123,116,26,52,44,34
400490048,2014-04-10,GS,DEN,99,100,44,35,30,48
400490088,2014-04-15,LAC,DEN,117,105,45,36,24,57
400490103,2014-04-16,DEN,GS,112,116,31,51,46,36
400488883,2013-10-30,MIN,ORL,120,115,2,0,0,1
400488918,2013-11-03,NY,MIN,100,109,0,3,2,1
400488920,2013-11-04,CLE,MIN,93,92,1,3,2,2
400488940,2013-11-06,MIN,GS,93,106,1,4,2,3
400488953,2013-11-08,MIN,DAL,116,108,3,3,2,4
400488970,2013-11-10,LAL,MIN,90,113,2,5,5,3
400488979,2013-11-11,LAC,MIN,109,107,3,5,3,5
400488988,2013-11-13,MIN,CLE,124,95,6,3,3,6
400489004,2013-11-15,DEN,MIN,117,113,4,6,4,4
400489015,2013-11-16,MIN,BOS,106,88,7,4,4,7
400489029,2013-11-19,WSH,MIN,104,100,5,7,7,3
400489041,2013-11-20,MIN,LAC,98,102,4,8,6,7
400489055,2013-11-22,MIN,BKN,111,81,9,3,6,8
400489065,2013-11-23,HOU,MIN,112,101,7,8,5,9
400489076,2013-11-25,IND,MIN,98,84,8,8,1,13
400489096,2013-11-27,MIN,DEN,110,117,6,8,9,8
400489117,2013-11-30,DAL,MIN,106,112,9,9,8,10
400489167,2013-12-07,MIN,MIA,82,103,5,15,11,9
400489188,2013-12-10,DET,MIN,94,121,11,10,12,10
400489195,2013-12-11,MIN,PHI,106,99,16,7,11,11
400489211,2013-12-13,SA,MIN,117,110,12,11,4,18
400489224,2013-12-15,MEM,MIN,93,101,12,12,13,10
400489231,2013-12-16,BOS,MIN,101,97,13,12,14,12
400489264,2013-12-20,LAL,MIN,104,91,14,13,13,13
400489279,2013-12-22,LAC,MIN,120,116,15,13,9,20
400489304,2013-12-27,MIN,WSH,120,98,14,12,15,14
400489317,2013-12-28,MIL,MIN,95,117,15,15,24,6
400489328,2013-12-30,MIN,DAL,98,100,13,18,16,15
400489343,2014-01-01,MIN,NO,124,112,16,14,16,16
400489378,2014-01-06,PHI,MIN,95,126,17,17,22,12
400489397,2014-01-08,MIN,PHX,103,104,13,21,18,17
400489408,2014-01-10,MIN,CHA,119,92,22,15,18,18
400489427,2014-01-12,SA,MIN,104,86,19,18,8,29
400489444,2014-01-15,MIN,SAC,108,111,23,14,20,18
400489457,2014-01-17,TOR,MIN,94,89,21,18,18,20
400489518,2014-01-24,GS,MIN,120,121,21,21,18,26
400489537,2014-01-27,CHI,MIN,86,95,22,22,22,22
400489553,2014-01-29,MIN,NO,88,77,26,19,22,23
400489564,2014-01-31,MIN,MEM,90,94,20,25,23,23
400489572,2014-02-01,ATL,MIN,120,113,24,23,21,25
400489595,2014-02-04,MIN,LAL,109,99,32,16,24,24
400489620,2014-02-07,NO,MIN,98,91,26,24,27,22
400489641,2014-02-10,MIN,HOU,89,107,17,35,28,24
400489659,2014-02-12,MIN,DEN,117,90,27,24,28,25
400489678,2014-02-19,MIN,IND,104,91,13,41,28,26
400489724,2014-02-25,PHX,MIN,101,110,29,28,23,33
400489754,2014-03-01,SAC,MIN,97,108,29,29,39,20
400489768,2014-03-03,DEN,MIN,128,132,29,30,34,25
400489784,2014-03-05,MIN,NY,106,118,40,22,30,30
400489795,2014-03-07,MIN,DET,114,101,38,24,30,31
400489813,2014-03-09,MIN,TOR,104,111,26,35,31,31
400489827,2014-03-11,MIN,MIL,112,101,51,13,31,32
400489844,2014-03-14,CHA,MIN,105,93,32,32,34,32
400489864,2014-03-16,MIN,SAC,104,102,44,23,32,33
400489887,2014-03-19,DAL,MIN,122,123,32,34,28,41
400489892,2014-03-20,HOU,MIN,129,106,33,34,22,46
400489914,2014-03-23,MIN,PHX,120,127,29,41,34,34
400489924,2014-03-24,MEM,MIN,109,92,35,34,28,42
400489938,2014-03-26,MIN,ATL,107,83,39,31,35,35
400489954,2014-03-28,MIN,LAL,143,107,48,24,35,36
400489968,2014-03-30,BKN,MIN,114,99,36,36,33,39
400489980,2014-03-31,MIN,LAC,104,114,22,53,37,36
400489995,2014-04-02,MIN,MEM,102,88,31,44,37,37
400490008,2014-04-04,MIA,MIN,121,122,37,38,23,52
400490016,2014-04-05,ORL,MIN,100,92,38,38,55,22
400528655,2014-04-08,MIN,SA,110,91,18,60,38,39
400490042,2014-04-09,MIN,CHI,87,102,32,46,39,39
400490056,2014-04-11,MIN,HOU,112,110,27,52,39,40
400490075,2014-04-13,SAC,MIN,106,103,40,40,53,28
400490086,2014-04-14,GS,MIN,130,120,41,40,31,50
400488900,2013-11-01,MIN,OKC,100,81,1,1,0,2
400488917,2013-11-03,OKC,PHX,103,96,1,2,1,2
400488942,2013-11-06,OKC,DAL,107,93,2,3,1,3
400488951,2013-11-08,DET,OKC,110,119,1,4,3,2
400488968,2013-11-10,OKC,WSH,106,105,4,2,1,5
400488995,2013-11-13,LAC,OKC,111,103,2,5,3,6
400488997,2013-11-14,GS,OKC,116,115,3,5,3,6
400489017,2013-11-16,MIL,OKC,79,92,3,6,7,2
400489025,2013-11-18,OKC,DEN,115,113,6,4,3,7
400489047,2013-11-21,OKC,LAC,105,91,5,8,3,8
400489097,2013-11-27,OKC,SA,94,88,2,13,3,10
400489108,2013-11-29,OKC,GS,113,112,8,9,3,11
400489126,2013-12-01,OKC,MIN,113,103,10,9,3,12
400489140,2013-12-03,SAC,OKC,95,97,3,13,12,4
400489159,2013-12-06,NO,OKC,95,109,4,14,10,9
400489175,2013-12-08,OKC,IND,118,94,3,18,4,15
400489186,2013-12-10,ATL,OKC,92,101,4,16,11,11
400489193,2013-12-11,MEM,OKC,100,116,4,17,11,10
400489209,2013-12-13,OKC,LAL,122,97,12,10,4,18
400489226,2013-12-15,OKC,ORL,101,98,17,7,4,19
400489240,2013-12-17,DEN,OKC,93,105,4,20,10,14
400489254,2013-12-19,OKC,CHI,107,95,16,9,4,21
400489272,2013-12-21,SA,OKC,100,113,4,22,6,21
400489278,2013-12-22,OKC,TOR,98,104,14,11,5,22
400489292,2013-12-25,NY,OKC,94,123,5,23,19,9
400489300,2013-12-27,CHA,OKC,85,89,5,24,16,14
400489323,2013-12-29,OKC,HOU,117,86,12,21,5,25
400489349,2014-01-02,OKC,BKN,93,95,21,11,7,25
400489366,2014-01-04,MIN,OKC,111,115,7,26,17,16
400489375,2014-01-05,OKC,BOS,119,96,21,13,7,27
400489403,2014-01-09,DEN,OKC,101,88,9,27,17,18
400489421,2014-01-11,OKC,MIL,101,85,29,7,9,28
400489437,2014-01-14,MEM,OKC,90,87,10,28,19,18
400489453,2014-01-16,HOU,OKC,92,104,10,29,15,26
400489465,2014-01-17,OKC,GS,127,121,16,25,10,30
400489476,2014-01-19,OKC,SAC,108,93,25,14,10,31
400489503,2014-01-22,SA,OKC,105,111,10,33,10,32
400489509,2014-01-24,BOS,OKC,83,101,10,34,30,15
400489521,2014-01-25,PHI,OKC,91,103,10,35,30,14
400489539,2014-01-27,OKC,ATL,111,109,21,23,10,36
400489548,2014-01-29,MIA,OKC,95,112,10,37,13,32
400489565,2014-01-31,BKN,OKC,95,120,10,38,24,20
400489571,2014-02-01,WSH,OKC,96,81,11,38,23,23
400489589,2014-02-03,OKC,MEM,86,77,21,26,11,39
400489605,2014-02-05,OKC,MIN,106,97,25,24,11,40
400489613,2014-02-07,ORL,OKC,103,102,12,40,37,15
400489629,2014-02-09,OKC,NY,112,100,31,20,12,41
400489664,2014-02-13,LAL,OKC,103,107,12,43,35,18
400489686,2014-02-20,OKC,MIA,81,103,14,39,13,43
400489706,2014-02-23,OKC,LAC,117,125,20,38,14,43
400489731,2014-02-26,OKC,CLE,104,114,36,23,15,43
400489741,2014-02-28,OKC,MEM,113,107,25,32,15,44
400489760,2014-03-02,OKC,CHA,116,99,32,27,15,45
400489774,2014-03-04,OKC,PHI,125,92,46,15,15,46
400489788,2014-03-06,PHX,OKC,128,122,16,46,25,36
400489808,2014-03-09,LAL,OKC,114,110,17,46,42,22
400489828,2014-03-11,OKC,HOU,106,98,20,44,17,47
400489843,2014-03-13,OKC,LAL,131,102,43,22,17,48
400489865,2014-03-16,OKC,DAL,86,109,27,40,18,48
400489872,2014-03-17,CHI,OKC,85,97,18,49,30,37
400489891,2014-03-20,CLE,OKC,95,102,18,50,43,26
400489897,2014-03-21,TOR,OKC,118,119,18,51,30,38
400489926,2014-03-24,OKC,DEN,117,96,39,32,18,52
400489932,2014-03-25,DAL,OKC,128,119,19,52,29,43
400489956,2014-03-28,OKC,SAC,94,81,47,25,19,53
400490000,2014-04-03,OKC,SA,106,94,17,59,19,55
400490012,2014-04-04,HOU,OKC,111,107,20,55,25,50
400490029,2014-04-06,PHX,OKC,122,115,21,55,31,46
400490033,2014-04-08,SAC,OKC,92,107,21,56,51,27
400490046,2014-04-09,LAC,OKC,101,107,21,57,24,55
400490057,2014-04-11,OKC,NO,116,94,47,32,21,58
400490073,2014-04-13,IND,OKC,102,97,22,58,26,55
400490083,2014-04-14,NO,OKC,101,89,23,58,48,33
400490093,2014-04-16,OKC,DET,112,111,53,29,23,59
400488888,2013-10-30,PHX,POR,104,91,1,0,0,1
400488902,2013-11-01,DEN,POR,98,113,1,1,2,0
400488912,2013-11-02,POR,SA,115,105,1,2,1,2
400488931,2013-11-05,POR,HOU,101,116,1,4,2,2
400488957,2013-11-08,POR,SAC,104,91,4,1,2,3
400488966,2013-11-09,SAC,POR,85,96,2,4,5,1
400488978,2013-11-11,POR,DET,109,103,4,2,2,5
400488993,2013-11-13,POR,PHX,90,89,3,5,2,6
400489001,2013-11-15,BOS,POR,96,109,2,7,6,4
400489020,2013-11-17,TOR,POR,110,118,2,8,7,4
400489023,2013-11-18,BKN,POR,98,108,2,9,7,3
400489040,2013-11-20,MIL,POR,82,91,2,10,8,2
400489058,2013-11-22,POR,CHI,98,95,5,6,2,11
400489069,2013-11-23,GS,POR,101,113,2,12,6,8
400489083,2013-11-25,POR,NY,102,91,10,3,2,13
400489099,2013-11-27,PHX,POR,120,106,3,13,7,8
400489128,2013-12-01,LAL,POR,108,114,3,14,9,9
400489133,2013-12-02,POR,IND,106,102,2,16,3,15
400489149,2013-12-04,POR,OKC,111,104,4,13,3,16
400489171,2013-12-07,POR,DAL,106,108,8,13,4,17
400489201,2013-12-12,POR,HOU,111,104,8,15,4,19
400489220,2013-12-14,PHI,POR,105,139,4,20,18,7
400489225,2013-12-15,DET,POR,109,111,4,21,14,11
400489238,2013-12-17,CLE,POR,116,119,4,22,15,9
400489249,2013-12-18,MIN,POR,120,109,5,22,13,13
400489274,2013-12-21,POR,NO,110,107,14,11,5,23
400489299,2013-12-26,POR,LAC,116,112,11,20,5,24
400489319,2013-12-28,POR,MIA,107,108,7,23,6,24
400489329,2013-12-30,NO,POR,110,108,7,24,15,14
400489339,2013-12-31,OKC,POR,94,98,7,25,6,25
400489353,2014-01-02,POR,CHA,134,104,20,14,7,26
400489369,2014-01-04,POR,PHI,99,101,21,12,8,26
400489392,2014-01-07,SAC,POR,123,119,9,26,22,11
400489400,2014-01-08,POR,ORL,110,94,25,10,9,27
400489424,2014-01-11,POR,BOS,112,104,25,13,9,28
400489448,2014-01-15,POR,CLE,108,96,25,14,9,29
400489462,2014-01-17,SA,POR,100,109,9,30,9,31
400489473,2014-01-18,DAL,POR,111,127,9,31,18,24
400489487,2014-01-20,HOU,POR,126,113,10,31,15,28
400489492,2014-01-21,OKC,POR,105,97,11,31,10,32
400489505,2014-01-23,POR,DEN,110,105,21,20,11,32
400489526,2014-01-25,POR,MIN,115,104,22,21,11,33
400489533,2014-01-26,GS,POR,103,88,12,33,18,27
400489545,2014-01-28,POR,MEM,81,98,20,23,13,33
400489580,2014-02-01,POR,TOR,106,103,22,25,13,34
400489584,2014-02-03,WSH,POR,100,90,14,34,23,24
400489601,2014-02-05,NY,POR,90,94,14,35,30,19
400489612,2014-02-07,IND,POR,118,113,15,35,10,39
400489625,2014-02-08,MIN,POR,110,117,15,36,27,24
400489648,2014-02-11,POR,OKC,95,98,12,42,16,36
400489662,2014-02-12,LAC,POR,122,117,17,36,18,37
400489682,2014-02-19,POR,SA,109,111,15,40,18,36
400489713,2014-02-23,POR,MIN,108,97,29,27,18,38
400489723,2014-02-25,DEN,POR,95,100,18,39,31,25
400489734,2014-02-26,POR,BKN,124,80,29,26,18,40
400489753,2014-03-01,POR,DEN,102,96,33,25,18,41
400489769,2014-03-03,POR,LAL,106,107,39,21,19,41
400489786,2014-03-05,POR,ATL,102,78,33,26,19,42
400489797,2014-03-07,DAL,POR,103,98,20,42,26,37
400489812,2014-03-09,HOU,POR,118,113,21,42,19,44
400489826,2014-03-11,MEM,POR,109,99,22,42,26,37
400489838,2014-03-12,SA,POR,103,90,23,42,16,48
400489850,2014-03-14,NO,POR,103,111,23,43,39,26
400489867,2014-03-16,POR,GS,112,113,26,42,24,43
400489878,2014-03-18,POR,MIL,120,115,55,13,24,44
400489893,2014-03-20,POR,WSH,116,103,33,35,24,45
400489905,2014-03-22,CHA,POR,124,94,25,45,36,34
400489922,2014-03-24,MIA,POR,93,91,26,45,21,48
400489931,2014-03-25,ORL,POR,95,85,27,45,52,20
400489944,2014-03-27,ATL,POR,85,100,27,46,40,31
400489953,2014-03-28,CHI,POR,74,91,27,47,32,40
400489972,2014-03-30,POR,MEM,105,98,30,43,27,48
400489986,2014-04-01,LAL,POR,112,124,27,49,49,25
400490013,2014-04-04,POR,PHX,93,109,31,45,28,49
400490030,2014-04-06,POR,NO,100,94,45,32,28,50
400490045,2014-04-09,POR,SAC,100,99,52,27,28,51
400490074,2014-04-13,POR,GS,119,117,31,49,28,53
400490101,2014-04-16,POR,LAC,110,104,25,57,28,54
400488887,2013-10-30,UTA,OKC,98,101,0,1,1,0
400488903,2013-11-01,PHX,UTA,87,84,2,0,0,2
400488911,2013-11-02,UTA,HOU,93,104,0,3,3,0
400488925,2013-11-05,BKN,UTA,104,88,4,0,2,2
400488937,2013-11-06,BOS,UTA,97,87,5,0,4,1
400488952,2013-11-08,CHI,UTA,97,73,6,0,3,2
400488958,2013-11-09,TOR,UTA,115,91,7,0,4,3
400488977,2013-11-11,UTA,DEN,81,100,4,2,8,0
400488992,2013-11-13,UTA,NO,111,105,6,3,8,1
400489006,2013-11-15,UTA,SA,82,91,1,9,9,1
400489018,2013-11-16,GS,UTA,102,88,10,1,3,7
400489027,2013-11-18,UTA,GS,87,98,3,8,11,1
400489042,2013-11-20,NO,UTA,105,98,12,1,6,5
400489057,2013-11-22,DAL,UTA,103,93,13,1,4,9
400489073,2013-11-24,OKC,UTA,95,73,14,1,3,9
400489082,2013-11-25,UTA,CHI,89,83,7,6,14,2
400489112,2013-11-29,UTA,PHX,101,112,7,9,15,2
400489119,2013-11-30,PHX,UTA,104,112,15,3,8,9
400489132,2013-12-02,UTA,HOU,109,103,6,13,15,4
400489147,2013-12-04,UTA,IND,86,95,2,17,16,4
400489161,2013-12-06,POR,UTA,130,98,17,4,3,17
400489170,2013-12-07,UTA,SAC,102,112,13,5,18,4
400489181,2013-12-09,UTA,POR,94,105,4,18,19,4
400489198,2013-12-11,SAC,UTA,101,122,19,5,14,6
400489212,2013-12-13,DEN,UTA,93,103,19,6,9,13
400489222,2013-12-14,UTA,SA,84,100,4,19,20,6
400489233,2013-12-16,MIA,UTA,117,94,21,6,6,18
400489243,2013-12-18,ORL,UTA,82,86,21,7,18,8
400489257,2013-12-20,ATL,UTA,118,85,22,7,12,15
400489267,2013-12-21,CHA,UTA,85,88,22,8,15,13
400489286,2013-12-23,MEM,UTA,104,94,23,8,15,12
400489306,2013-12-27,UTA,LAL,105,103,17,13,23,9
400489320,2013-12-28,LAC,UTA,98,90,24,9,11,21
400489331,2013-12-30,UTA,CHA,83,80,18,14,24,10
400489352,2014-01-02,UTA,MIL,96,87,25,7,24,11
400489361,2014-01-03,LAL,UTA,110,99,25,11,19,14
400489391,2014-01-07,UTA,OKC,112,101,8,27,25,12
400489412,2014-01-10,UTA,CLE,102,113,23,13,26,12
400489434,2014-01-13,UTA,DEN,118,103,18,19,26,13
400489446,2014-01-15,SA,UTA,109,105,27,13,8,31
400489460,2014-01-17,DET,UTA,89,110,27,14,23,16
400489471,2014-01-18,MIN,UTA,98,72,28,14,21,19
400489493,2014-01-21,UTA,MIN,97,112,21,20,29,14
400489525,2014-01-25,UTA,WSH,104,101,22,21,29,15
400489540,2014-01-27,UTA,SAC,106,99,29,15,29,16
400489569,2014-01-31,UTA,GS,90,95,19,29,30,16
400489581,2014-02-01,LAC,UTA,102,87,31,16,16,34
400489592,2014-02-03,UTA,TOR,79,94,22,26,32,16
400489619,2014-02-07,DAL,UTA,103,81,33,16,21,30
400489628,2014-02-08,UTA,MIA,94,89,14,35,33,17
400489649,2014-02-11,LAL,UTA,79,96,33,18,34,18
400489660,2014-02-12,UTA,PHI,105,100,39,15,33,19
400489681,2014-02-19,UTA,BKN,99,105,27,25,34,19
400489696,2014-02-21,POR,UTA,102,94,35,19,18,37
400489703,2014-02-22,UTA,MIN,104,121,28,27,36,19
400489718,2014-02-24,UTA,BOS,110,98,39,19,36,20
400489733,2014-02-26,UTA,PHX,109,86,24,33,36,21
400489740,2014-02-28,CLE,UTA,99,79,37,21,36,24
400489758,2014-03-02,IND,UTA,94,91,38,21,13,46
400489767,2014-03-03,MIL,UTA,114,88,39,21,47,12
400489779,2014-03-05,WSH,UTA,104,91,40,21,29,32
400489794,2014-03-07,NY,UTA,108,81,41,21,40,23
400489802,2014-03-08,PHI,UTA,92,104,41,22,47,15
400489821,2014-03-10,UTA,ATL,110,112,35,27,42,22
400489837,2014-03-12,UTA,DAL,101,108,27,39,43,22
400489852,2014-03-14,UTA,LAC,87,96,20,47,44,22
400489866,2014-03-16,SA,UTA,122,104,45,22,16,50
400489873,2014-03-17,HOU,UTA,124,86,46,22,22,45
400489884,2014-03-19,MEM,UTA,96,86,47,22,27,40
400489910,2014-03-22,UTA,ORL,89,88,51,19,47,23
400489928,2014-03-24,UTA,DET,94,114,44,26,48,23
400489943,2014-03-26,UTA,MEM,87,91,28,43,49,23
400489955,2014-03-28,NO,UTA,102,95,50,23,40,32
400489966,2014-03-30,OKC,UTA,116,96,51,23,19,54
400489983,2014-03-31,UTA,NY,83,92,43,32,52,23
400490011,2014-04-04,UTA,NO,100,96,44,32,52,24
400490028,2014-04-06,GS,UTA,130,102,53,24,29,48
400490032,2014-04-08,UTA,DAL,83,95,31,48,54,24
400490060,2014-04-11,UTA,POR,99,111,28,52,55,24
400490069,2014-04-12,DEN,UTA,101,94,56,24,44,36
400490084,2014-04-14,UTA,LAL,104,119,55,26,57,24
400490091,2014-04-16,MIN,UTA,130,136,57,25,42,40
